,Fasta File,CHEMONTID,Classyfire Prediction,# Amide bonds,SMILES,AMINO ACID STARTER CONDENSATION DOMAIN,CHAIN LENGTH,BRANCHES
4,platinum_BGC0000315.fasta,CHEMONTID:0001994,Cyclic depsipeptides,13,CCCC1OC1C(=O)N[C@@H](CO)C(=O)N[C@H]1[C@@H](C)OC(=O)[C@H](CC2=CNC3=CC=CC=C23)NC(=O)[C@@H](NC(=O)[C@H](NC(=O)CNC(=O)[C@H](CC(O)=O)NC(=O)[C@H](NC(=O)[C@H](CC(O)=O)NC(=O)[C@H](CC(O)=O)NC(=O)[C@@H](CC2=CNC3=CC=CC=C23)NC1=O)C1=CC=C(O)C=C1)[C@H](O)C(N)=O)C(C)CC(O)=O,RHGLTSAQHEVWLAQQLDPRGAHYRTGSCLEIDGPLDHAVLSRALRLTVAGTETLCSRFLTDEEGRPYRAYCPPAPEGSAAVEDPDGVPYTPVLLRHIDLSGHEDPEGEAQRWMDRDRATPLPLDRPGLSSHALFTLGGGRHLYYLGVHHIVIDGTSMALFYERLAEVYRALRDGRAVPAAAFGDTDRMVAGEEAYRASARYERDRAYWTGLFTDRPEPVSLTGRGGGRALAPTVRSLGLPPERTEVLGRAAEATGAHWARVVIAGVAAFLHRTTGARDVVVSVPVTGRYGANARITPGMVSNRLPLRLAV,6,"2,3|O"
6,platinum_BGC0000329.fasta,CHEMONTID:0001994,Cyclic depsipeptides,22,CCCCCCCC(O)CC(N/C(C(N1CCCC1C(NC(C(NC(C(NC(C(NC(C(NC(C(N/C(C(NC(C(NC(C(NC(C(NC(C(NC(C(NC(C(NC(C(NC(C(N/C(C(NC2C(OC(C(NC(C(NC(C(NC(C(NC2=O)C)=O)CCN)=O)CO)=O)C(CC)C)=O)C)=O)=C/C)=O)C(C)C)=O)C)=O)C)=O)C)=O)=C)=O)C(CC)C)=O)C(C)C)=O)CCO)=O)=C\C)=O)C(C)C)=O)C(C)C)=O)C)=O)C)=O)C)=O)=O)=C\C)=O,"does not have a starter condensation domain (used antismash on linux, did not find starter condensation domain) (BLASTed the genome, found starter but did not match the BGC)",12,"1|OH, 3|OH"
9,platinum_BGC0000399.fasta,CHEMONTID:0001994,Cyclic depsipeptides,10,CCCCCCCCCCCC(CC(NC(C(NC(C(NC1C(OC(C(C(C)C)NC(C(NC(C(NC(C(NC(C(NC(C(NC(C(C(CC)C)NC1=O)=O)CC(C)C)=O)CO)=O)CC(C)C)=O)CC(C)C)=O)CO)=O)=O)C)=O)CCC(O)=O)=O)CC(C)C)=O)O,RGLPLTAGQRDIWLDQLSRGDSPLYNIGGYAVLKGPFRPELMQRTVELLVDKHDVLRTVLSLEGSVDGLPLQHFDRQWPVELVFHDLSAAADPLAAAQAQIRRQMQQAFKLDGERLCRFSLFRVGPEHHLMEVEAHHLILDGWGFAQLSQSLGGLYSALASGEEPQATAPSFVDFIEDDARYHQSSRYARDRDYWLDKYQSLPEPVLRPRYRPAADAATPGATLVQAFPAALHERMKALGKSTGASAFHVLLAALHVYFTRTLQRDEWVLGMPVLNRPNAAFKVTLGSFTQVSAVRMDF,14,"1|O, 3|OH"
11,platinum_BGC0000433.fasta,CHEMONTID:0001994,Cyclic depsipeptides,7,O=C([C@@H](NC([C@@H](NC([C@@H](NC1=O)CC(C)C)=O)CC(C)C)=O)C(C)C)N[C@H](C(N[C@@H](C(N[C@H](C(O[C@@H](CC(N[C@H]1CCC(O)=O)=O)CCCCCCCCCC(C)C)=O)CC(C)C)=O)CC(C)C)=O)CC(O)=O,FYPLTNAQKRIWYTEKFYPNTSISNLAGFGKLISEDGVQAHYVEKAIQEFVRRYESMRIRLRLDDEGEPVQYVSEYRPLSIGHTDIRQAGCSADELSKWGREEAGKPLALYDQDLFRFSVHTISENEVWFYANVHHIISDGISMTILGNAITDIYLELSGGTSEEQTEIPSFIEHVLTEQEYVQSKRFKKDRDFWNGQFETVPELVSLKRSRADAGLDAKRFSQEIPHDLYGRIHSFCEEHKVSVLSLFQSALITYLYKVTGRDDVVTGTFMGNRTNAKEKQMLGMFVSTVPVRTSVD,14,1|O
12,platinum_BGC0000437.fasta,CHEMONTID:0001994,Cyclic depsipeptides,13,CCCCCCCCC[C@@H](CC(=O)N[C@H]1COC(=O)[C@@H](NC(=O)[C@@H](NC(=O)/C(=C/C)/NC(=O)[C@@H](NC(=O)[C@@H](NC(=O)[C@@H](NC(=O)[C@H](NC(=O)[C@H](NC1=O)CO)CCN)CCN)CCCN=C(N)N)Cc2ccccc2)[C@@H](C(=O)O)O)[C@@H](CCl)O)O,LLPLASVQQGIWLDQLAYPHLPYYNIGMTLEIKGDIDIALFEKAIQRVIDSHDALRLSFSHERGMGGQRVLSKAPFKLEVTDFPEVDGDTEQAIAHLRESFRHPFESMTGQLWESRLVRCGPQLHYWFNRLHHLVADGIGAVLIAHAVGDTYSGLLEGKETLAEGPSYLSFLEEDRAYMASCRYERDRLFWEQSYAQLPPVLLQRRADFKAGLTNVPAPSDQVQAMLPRALYNALTQFASECNLSVAHVLVGVISTYFCRTVGVDEIVVGMPVHNRTNARQKATIGMFSSVSPIRVGF,12,"1|O, 3|OH"
13,platinum_BGC0000443.fasta,CHEMONTID:0001994,Cyclic depsipeptides,9,O=C(C[C@H]([C@@H](CCCCCCCCCCCC)O)O)N[C@@H](C(NC(O)(C(N[C@@H](C(N[C@H](C(N[C@H](C(N[C@@H]([C@@H](C)O)C(N/C(C(N[C@@H]1[C@H](C(O)=O)O)=O)=C/C)=O)=O)CC2=C(C=CN3)C3=CC=C2)=O)CCO)=O)CC(O)=O)=O)CCCN)=O)COC([C@H]([C@H](CCl)O)NC1=O)=O,THELASVQQGIWLDQIAHPDLPYYNIGMSLEIKGEIDIPLFEKAIELVANNHDALRLSFSHEGGIGRQRVLPEVKVKLDVVEFSEAEADAGLAMEYLRNAFRQPFPELTGQLWEARMVRCGPNRHYWLNRYHHLVTDGIGVALIGHAVGAAYNGLLAGNDEVAQGHSYLSFLEDDRAYLQSSRYERDREFWQETYAQLPPSLLQRRADFKTGQANELAPSAQVQAMLPRALYNDLTQFASERSLSVAHVLISVVATYFCRTVGVDEMVIGMPVHNRTNARTKETAGMFSSVSPIRLPVD,16,"1|O, 3|OH, 4|OH"
15,platinum_BGC0000461.fasta,CHEMONTID:0001994,Cyclic depsipeptides,13,O=C([C@@H](N(C([C@H](NC([C@H](NC([C@H](NC1=O)CC(N)=O)=O)CC2=CNC3=C2C=CC=C3)=O)CCCN)=O)C)C(C)C)O[C@@H](CC(N[C@H](C(N[C@@H](C(N[C@H](C(NCC(N([C@H](CC4=CC=CC=C4)C(N[C@H](C(N[C@@H](C(N[C@H]1CCC(O)=O)=O)CCCN)=O)CC(C)C)=O)C)=O)=O)CO)=O)[C@H](C(N)=O)O)=O)CO)=O)CCCC(C)C,PLSTAQSEMWFAQELDADNWLYHSCGYLDIGGPLDLARFEQALRRFVAETDALHLRFLDGPDGPLQCIGEAPALPFETVDLSAHAQPFQAALSAMRADMRRVFDLRSSRLFNYIVFKLGEERHLWYKRYHHIVLDGAGSSLDIVRVARIYTALCRGEEVPASDLGGISALLDDDRDYRESDRCRRDQAFWRDYARTLSETTALSGRPLARTSTFRRCALPIPPSLAAALMAAQTRDSKWPQLMTAAVAAYLYRISGGKVDTFDFPVAARAKQLRHVPGTTANVLPVRLG,9,"1|O, 7|C"
17,platinum_BGC0000463.fasta,CHEMONTID:0001994,Cyclic depsipeptides,14,CC(C)C[C@@H](C(N[C@H](C(N[C@H](C(N[C@H](C(N[C@H](C(N[C@H](C(N[C@H](C(N[C@H](C(N[C@H](C(N[C@H](C(N[C@H](C(N[C@H](C(N[C@H](C(N[C@]([H])1[C@@H](C)CC)=O)CCC(N)=O)=O)CC(C)C)=O)CC(C)C)=O)CCC(N)=O)=O)CC(C)C)=O)C(C)C)=O)COC1=O)=O)CCC(N)=O)=O)CC(C)C)=O)C(C)C)=O)CCC(N)=O)=O)CCC(O)=O)=O)NC(CC(CCCCCCC)O)=O,does not have a starter condensation domain (404),10,"1|O, 3|OH"
19,platinum_BGC0001050.fasta,CHEMONTID:0001994,Cyclic depsipeptides,7,CCCCCC/C=C\CC(=O)N[C@@H](CO)C(=O)N[C@@H](C(C)C)C(=O)N[C@@H](CO)[C@H](CC(=O)N[C@@H](C(C)C)C(=O)N[C@H]\1COC(=O)[C@@H](N(C(=O)[C@@H](NC(=O)/C=C1)C(C)C)C)Cc2ccc(cc2)O)O,PMPLSGAQAAIWAELAAGGVATTFYNIADQISLNGPLDPAAFRAALYHVHRAADVSRLRFAADDGVPVQWFDATPGRFDFALIDLSDAEDPETLVTEEFHALRLRPFDLMHGPLNRHRLIRLAPDRHCWIRCYHHLITDGLGGVMTAAATAAAYDAYKQGAPLPDPAFLPYGDHLTREAAHAAGAAGAADLAYWRARLAGDIHPHSFGHTMRPGGQPVTANPVTANPAAAGARRTAILGAEAPPQSVIRPLGAARMAALDALAGRLGINARSSVMLALFLALLGRSVGTDTPSCTTLLSNRLTRADRRTLGQFAYTVPFW,10,"1|O, 3-4(double bond)"
20,platinum_BGC0001095.fasta,CHEMONTID:0001994,Cyclic depsipeptides,12,CCCCCCCCCCCCCC(CC(=O)N[C@@H](CCC(=O)O)C(=O)N[C@H](CCCN)C(=O)N[C@@H]1CC2=CC=C(C=C2)OC(=O)[C@@H](NC(=O)[C@@H](NC(=O)[C@@H](NC(=O)[C@@H]3CCCN3C(=O)[C@H](NC(=O)[C@@H](NC(=O)[C@@H](NC1=O)[C@H](C)O)CCC(=O)O)C)CCC(=O)N)CC4=CC=C(C=C4)O)[C@H](C)CC)O,TVYSLTHAQRRVWFTELLEPGTSICNLAACVKFRGDIDFDVLRHALDFSISQNDSLRFQLTEGDGSEPQLYLAGHRPISLETVDFTHTDQAERDAWIDTQTRVPFKLFHSPLYHFTLLVMSDEEVWLYSKFHHIIMDGISLNLLGNQLIDIYQKIMRSEDLAEHHRPSYLSYMEKEQQYLQSSRFQKDRSFWTETYRTVPEHLSLAERTSHLRQSTAASRDTITLSHSLEQSIRRFCKENNISIISLFMASLYICISRLTAKKDIAIGTYYGNRGSRLEKDMLGMFVSTLPIRMTA,16,"1|O, 3|OH"
24,platinum_BGC0001297.fasta,CHEMONTID:0001994,Cyclic depsipeptides,7,O=C([C@@H](NC(/C=C/C(C=CC=C1)=C1/C=C\CCC)=O)[C@@H](C)OC2=O)N(C)/C(C(N[C@@H](CC(C)C)C(N[C@H](CC3=CC=CC=C3)C(N[C@@H]([C@H](C)O)C(N[C@@H](CC(N)=O)C(N[C@H]2CO)=O)=O)=O)=O)=O)=C/C(C=C4)=CC=C4O,TVLPLTAGQAGIWYAQSLSGPNATFNAALYLDIEGAVDERLFVAAMRQVVTEAEALRARITDDGTGPVQVLEPVGDWAEQPVQVVDFTAAETPWQDAEAWMWADAGTPLDMSGEPLYRFALLKVADDRSLFYYRYHHVVMDAAGASLVAARVADVYTRLVAGEDTADGAFPPLRELIEDEAAYRRSAAFEADREYWTARFADTPAVPSLGDRPTAMPHHQLRGGARVPAAVAAEVRDAARTVGVGWPAAVLAALAAYTSRITGSSDVVVALSVAARTTAAGRAVPGMVSNVIGVRLDV,12,
25,platinum_BGC0001312.fasta,CHEMONTID:0001994,Cyclic depsipeptides,9,O=C(N[C@H](C(C)C)C(N[C@H](CC(C)C)C(N[C@H](CO)C(N[C@@H](CC(C)C)C(N[C@H](CO)C(N[C@@H]([C@@H](C)CC)C(O[C@H]1C)=O)=O)=O)=O)=O)=O)[C@H]1NC([C@@H](CCC(O)=O)NC([C@H](CC(C)C)NC(CC(CCCCCCC)O)=O)=O)=O,does not have a starter condensation domain (due to the large genome did not run BLAST),10,"1|O, 3|OH"
32,platinum_arthrofactin.fasta (BGC0000305),CHEMONTID:0001994,Cyclic depsipeptides,11,CCCCCCCC(CC(NC(C(NC(C(NC1C(OC(C(NC(C(C(CC)C)NC(C(C(CC)C)NC(C(NC(C(NC(C(NC(C(NC(C(NC1=O)CC(C)C)=O)CC(C)C)=O)CO)=O)CC(C)C)=O)CO)=O)=O)=O)CC(O)=O)=O)C)=O)CC(O)=O)=O)CC(C)C)=O)O,QTYPLTAAQLDIWLDQLSRGDSPLYNIGGYLDLSGPLDPARMQAALEALVARHDALRTILLPGAGADGLPLQQFARSVAVPMPIDDVSAHSDPESAARALVQARIDQPFVLDGGCLLRFLLIRLNDQRHWLSVQAHHLIVDGWGFGEMFKSLDEIYNALAHGQPTPVAAPSYIDFIEANARYQASPRYAQDRAYWLDKYRQLPEPLLLPRHQQSLAGQTAQTQVYAQPLPALLHERMQQVARAFGASAFHVLLAALHVYFSRTAQRDEWVVGLPILNRSGARFKSTLGLFAQVSAVRMG,10,"1|O, 3|OH"
36,platinum_daptomycin.fasta (BGC0000336),CHEMONTID:0001994,Cyclic depsipeptides,14,CCCCCCCCCC(N[C@H](C(N[C@@H](C(N[C@H](C(N[C@H]1[C@H](C)OC([C@H](CC(C2=CC=CC=C2N)=O)NC([C@H]([C@@H](CC(O)=O)C)NC([C@@H](CO)NC(CNC([C@H](CC(O)=O)NC([C@@H](C)NC([C@H](CC(O)=O)NC([C@H](CCCN)NC(CNC1=O)=O)=O)=O)=O)=O)=O)=O)=O)=O)=O)CC(O)=O)=O)CC(N)=O)=O)CC3=CNC4=CC=CC=C43)=O,QRLGVTAAQQSVWLAGQLADDHRLYHCAAYLSLTGSIDPRTLGTAVRRTLDETEALRTRFVPQDGELLQILEPGAGQLLLEADFSGDPDPERAAHDWMHAALAAPVRLDRAGTATHALLTLGPSRHLLYFGYHHIALDGYGALLHLRRLAHVYTALSNGDDPGPCPFGPLAGVLTEEAAYRDSDNHRRDGEFWTRSLAGADEAPGLSEREAGALAVPLRRTVELSGERTEKLAASAAATGARWSSLLVAATAAFVRRHAAADDTVIGLPVTARLTGPALRTPCMLANDVPLRLD,10,1|O
41,platinum_entolysin.fasta (BGC0000344),CHEMONTID:0001994,Cyclic depsipeptides,14,O=C(N[C@@H](CC(C)C)C(N[C@@H](CCC(O)=O)C(N[C@@H](CCC(N)=O)C(N[C@@H](C(C)C)C(N[C@@H](CC(C)C)C(N[C@@H](CCC(N)=O)C(N[C@@H](C(C)C)C(N[C@@H](CC(C)C)C(N[C@@H](CCC(N)=O)C(N[C@@H](COC([C@@H](NC([C@H](CO)NC1=O)=O)[C@@H](C)CC)=O)C(N[C@@H](C(C)C)C(N[C@H]1CC(C)C)=O)=O)=O)=O)=O)=O)=O)=O)=O)=O)=O)CC(CCCCCCC)O,"does not have a starter condensation domain (ran antismash on the whole genome, found starter condensation domains but did not correspond to the BGC)",10,"1|O, 3|OH"
45,platinum_hassallidin.fasta (BGC0001614),CHEMONTID:0002250,Cyclic glycodepsipeptides,9,O[C@@H]1[C@H]([C@H]([C@H](O[C@H]1CO)OC(C2N(C)C(CNC(C(CCC(N)=O)NC(/C(NC(C(CC3=CC=C(C=C3)O)NC(C(C(C)O)NC(C(NC(C(NC(C(C(O)CCCCCCCCCCC)O)=O)C(O)C)=O)C(C)OC(C(CCC(N)=O)NC2=O)=O)=O)=O)=O)=C/C)=O)=O)=O)C)O)O,QVLPLTINQREIYIEQMMWPEGTHLNIGATVTVHGAFNIEVFNEAMNRVICYHPGLRTRIYELEGNPLQTIALHKDTRVKLVDFSTYENSEEQAEDYINKQFIQPFHFGKDACLVDFQLIRTSSQKHIIFAKYHHTITDGWGTAIFFREVIVTYNQILKDGVATQTQKDWSLVEYLQQESEYLKSDNFQRDRDYWIKRLQGLSPKLFSQIQPQKLIGQRQSIYISRQTYDRVSSLCLAIQSNIFHFILSILTICLSNRYEKKDLVVGLSLLNRNKKNFKDAINLFVSTIPFRLKID,16,"1|O, 2|OH, 3|OH"
48,platinum_jagaricin.fasta (BGC0001127),CHEMONTID:0001994,Cyclic depsipeptides,10,CCCCCCCCCCC[C@H](CC(N/C(C(N[C@H](C(N[C@@H]1[C@@H](C)O)=O)[C@@H](C)OC([C@H](CC2=CNC=N2)NC([C@H]([C@H](C)O)NC(NC([C@H](NC(/C(NC([C@H](NC1=O)CC3=CC=C(C=C3)O)=O)=C/C)=O)CCC(N)=O)=O)=O)=O)=O)=O)=C/C)=O)O,QPVTRAQRELILASLLHPEAALGNTGGTVTMHGALHIDGFTACMAQLVARHDVFGLGFVIDGQQIGHRPVERSAALVRLVDYSAHDDAAELASAFIARQFATPIDLGADASLIQNYLIRVHPQHHIWLCFGPHALLDGWGFSLMFQDMALLMRRHAAGAQDEAPPAPPSFLDYTAEDLAWSASSGCQRSTDYWRQRFPVAPDSLFAPIKPFQLAAGSLARAVPPARYAQWSAAAEGAGLTLASWIAAALLATLARRTGVARPVLGMPLLGRRTAQHKQTIGLFANVVPLALTVD,14,"1|O, 3|OH"
51,platinum_locillomycin.fasta (BGC0001005),CHEMONTID:0001994,Cyclic depsipeptides,9,[H]N([C@@H]1C(N[C@H](CCC(N)=O)C(N[C@H](C(NCC(N[C@@H](CC(N)=O)C(N[C@H](C(NCC(N[C@H](C(N[C@@H](C(C)C)C(OC1C)=O)=O)CC2=CC=C(O)C=C2)=O)=O)CC(O)=O)=O)=O)=O)CC(O)=O)=O)=O)C(CCCCCCCCCCCC)=O,"does not have a starter condensation domain (used the BLAST genome, still could not find a starter condensation domain)",12,
53,platinum_massetolide.fasta (BGC0000389) ,CHEMONTID:0001994,Cyclic depsipeptides,8,O=C(N[C@H](CCC(O)=O)C(N[C@@H](C(N[C@H]([C@H](CC)C)C1=O)=O)[C@@H](C)OC([C@H]([C@@H](C)CC)NC([C@@H](CO)NC([C@H](CC(C)C)NC([C@@H](CO)NC([C@@H](N1)CC(C)C)=O)=O)=O)=O)=O)=O)[C@H](CC(C)C)NC(C[C@@H](CCCCCCC)O)=O,does not have a starter condensation domain (404),10,"1|O, 3|OH"
54,platinum_micropeptin.fasta (BGC0001018),CHEMONTID:0001994,Cyclic depsipeptides,7,CCCCCC(N[C@H](C(N[C@H]1[C@@H](C)OC([C@H]([C@H](CC)C)NC([C@H](CC2=CC=C(O)C=C2)N(C)C([C@H]([C@H](CC)C)N3[C@H](O)CC[C@H](NC([C@H](CCC/N=C(N)\N)NC1=O)=O)C3=O)=O)=O)=O)=O)CC(O)=O)=O,"does not have a starter condensation domain (used the BLAST genome, still could not find a condensation starter domain)",6,1|O
55,platinum_orfamide.fasta (BGC0000399),CHEMONTID:0001994,Cyclic depsipeptides,10,CCCCCCCCCCCC(CC(NC(C(NC(C(NC1C(OC(C(C(C)C)NC(C(NC(C(NC(C(NC(C(NC(C(NC(C(C(CC)C)NC1=O)=O)CC(C)C)=O)CO)=O)CC(C)C)=O)CC(C)C)=O)CO)=O)=O)C)=O)CCC(O)=O)=O)CC(C)C)=O)O,RGLPLTAGQRDIWLDQLSRGDSPLYNIGGYAVLKGPFRPELMQRTVELLVDKHDVLRTVLSLEGSVDGLPLQHFDRQWPVELVFHDLSAAADPLAAAQAQIRRQMQQAFKLDGERLCRFSLFRVGPEHHLMEVEAHHLILDGWGFAQLSQSLGGLYSALASGEEPQATAPSFVDFIEDDARYHQSSRYARDRDYWLDKYQSLPEPVLRPRYRPAADAATPGATLVQAFPAALHERMKALGKSTGASAFHVLLAALHVYFTRTLQRDEWVLGMPVLNRPNAAFKVTLGSFTQVSAVRMDF,14,"1|O, 3|OH"
56,platinum_paenibacterin.fasta (BGC000040),CHEMONTID:0001994,Cyclic depsipeptides,13,CC([C@H](NC(C(NC(CCCCCCCCCCCCCC)=O)CCCN)=O)C(N[C@H]1[C@H](OC([C@H]([C@@H](C)CC)NC([C@H](CCCCN)NC([C@H](C(C)C)NC([C@@H]2CCCN2C([C@H]([C@@H](C)CC)NC([C@H](CO)NC([C@H](CCCCN)NC([C@H](C(C)C)NC([C@H](CO)NC(C(CCCN)NC1=O)=O)=O)=O)=O)=O)=O)=O)=O)=O)=O)C)=O)C,EMMHPNTTVSTVAGTLVIRGEVDAAVLKESICQVITQHDAFRIRIMTQDNQPIQRLEPESAITPEVDYMEWDDHLEAKDWLNRFNRIPISIFDDKLYNFTVFNVNNQEYWIHLKINHIIADGVTSHLIGNKIMQTYMELTSGTFSANDKKNSYLDYTYAEQEYEKSDRYQKDKAYWLEKFQTMPETTGIKPYPPYSISTEAKRAYVALTGERYEQLKVFSEQNNISLFTLFLATVYMFLYKTTGNLDIAVGTAYANRTSRKEKEMLGMFVSTVATRLSL,15,1|O
59,platinum_plipastatin.fasta (BGC0000407),CHEMONTID:0001994,Cyclic depsipeptides,12,CC(C)[C@H](NC([C@H](CC(C)C)NC1=O)=O)C(NC(CO)C(OC[C@H]1NC([C@H](NC([C@H](NC([C@H](NC([C@H](NC([C@H](NC([C@H](NC([C@H](NC([C@H](NC(CCCCC)=O)CC(C)C)=O)CCC(O)=O)=O)CC(C)C)=O)[C@@H](CC)C)=O)CCC(N)=O)=O)CO)=O)C(C)C)=O)[C@@H](CC)C)=O)=O)=O,HTYSLTHAQRRVWFTELLEPNTSICNLTACVKFKGNIELDTLEGALNHSISRNDAIRFQLLEGEELEPRLHLTEYKYYPLRIIDFSNVEMIEIEQWIQDQASIPFKLINSPLYQFYLLRIDSHEVWLFAKFHHIIMDGISLNVMGNQIIDLYQKMKKKDPLPDQPEPSYLSYIEKESQYLQSPRFAKDRLFWTQTFEHPLEYHSLADQTSLQKQSTSASRDTIILSPDLEQTIRIFCEEHKINIISLFMASFYICISRITSKKDLAIGTYYGNRGSKAEKEMLGMFVSSLPIRITVD,16,"1|O, 3|OH"
60,platinum_putisolvin.fasta (BGC0000411),CHEMONTID:0001994,Cyclic depsipeptides,18,O=C([C@H]([C@H](OC([C@@H](NC1=O)C2=CC(Cl)=C(C=C2)O)=O)C(N)=O)NC([C@@H](CC(N)=O)NC(/C=C\C=C/CCC)=O)=O)N[C@H](C(N[C@@H](C(N[C@@H](C(N[C@H](C(N[C@@H](C(N[C@H](C(N[C@H](C(N[C@H](CCCN)C(N[C@H](C(N[C@@H](C(N[C@H](C(NCC(N[C@H](C(N[C@@H]1C)=O)CC(C)C)=O)=O)C3=CC=C(O)C=C3)=O)[C@H](O)C)=O)C4=CC=C(O[C@H]([C@H]([C@H]5O)O[C@H]([C@H]([C@H]6O)O)O[C@@H]([C@H]6O)CO)O[C@@H]([C@H]5O)CO)C=C4)=O)=O)CC7=CC=CC=C7)=O)[C@@H](O)C)=O)C8=CC=C(O)C=C8)=O)C9=CC=C(O)C=C9)=O)[C@H](O)C)=O)CCCN)=O)C%10=CC=C(O)C=C%10,ETFALSVAQRDIWLDQISHGDSPLYNIGAYVEMNGGVDAARLRQALAHLVAQHDGLRTVLVTQGGMARQYFAPTLEVELVRHDVRDAEAPWAAAQALLQARMQTPYRLDASPLWGTTLIRLGEQRYLFAVQAHHLVLDGWGVDQWFKQIAEYYNLLEQGLPLPSGAPSYRAFIEDDAQYQGSPRHDRDRDYWLAKYQQLPDALLAPRERNAVHLSPPSAVLEQPFDTRLLARMRALGSTLQASPFHVLLAALHVCSARTWQRDEWVVGLPVRNRGNAQFKSTLGLFTQVSALRMDF,6,1|O
63,platinum_sessilin.fasta (BGC0000425),CHEMONTID:0001994,Cyclic depsipeptides,11,O=S(CC(NC(CC(CCCCCCCCC(C)CC)=O)=O)C(NC1C(NC(CO)C(NC(CN)C(N/C(C(NC(C(NC(CO)C(NC(CCCCN)C(N(C)CC(OC1C)=O)=O)=O)=O)C(C)C)=O)=C\C)=O)=O)=O)=O)(O)=O,QTFPLTAAQKAIWLDQISQGDSPLYNIGNYLEIQGPIVPEVMQRAVQLMVDKHDALRLTLVDETDADGVPLQAFVPAIKVDVPFLDFSTQADPVSTAMAFVEEHMARSFPMTEAPLCRFFLIKLADTHYWSINQAHHIILDGWAFGEMLQSLGALYSDLLEARQPDMEATSYVDFIHDDLRYRESARYAKDREYWQAKYQSLPEPLFTARHHNQFAKGKAPGRHYARPFPVALHERMGELAKDFQASTYHVLLAAMYVYFTRVTQRDEWVVGLPLLNRTGKFKGTVGMFTQVSAVRFS,10,"1|O, 3|O, 5|OH"
64,platinum_stenothricin.fasta (BGC0000431),CHEMONTID:0001994,Cyclic depsipeptides,7,O=C([C@@H](NC([C@@H](NC([C@@H](NC1=O)CC(C)C)=O)CC(C)C)=O)C(C)C)N[C@H](C(N[C@@H](C(N[C@H](C(O[C@@H](CC(N[C@H]1CCC(O)=O)=O)CCCCCCCCCC(C)C)=O)CC(C)C)=O)CC(C)C)=O)CC(O)=O,EINGELDVDLFERALRSAVREAEAVHTRFVGEGEAVRQHVRVSDDWPFHRIDLSGEPDPRARAEEWMRTDMRRPVDMRGDALFTQAMLRLGPDHVYWYQRCHHILGDGFSGPLVNNRIAQIYAALRAGDAYDEGALAPFSNLLDADRAYRGSEEQAKDRAYWGEIFADLPTPVSLSGRIPAGTPHHLIRGTAEMPSEAAADLRTTARSLRTSISGMAIAAAAVYLNRATGAEDVVVALPVFGRFGSAQRQTPGMATNLLPIRLTV,12,"1|O, 10|C"
66,platinum_taromycin.fasta (BGC0000439),CHEMONTID:0001994,Cyclic depsipeptides,12,CC[C@H](C)[C@H]1C(=O)O[C@H]([C@H](C(=O)N[C@H](C(=O)N[C@H](C(=O)N1)C[C@H]2CN=C(N2)N)C)NC(=O)[C@H](CO)NC(=O)[C@H]([C@@H](C)CC)NC(=O)[C@@H]([C@@H](C)CC)NC(=O)[C@@H](CCC(=O)N)NC(=O)[C@H](CO)NC(=O)[C@H]([C@@H](C)CC)NC(=O)[C@@H](CC3=CC=CC=C3)NC)C,TAAQESVWFGQQLRPDDAALYNCAAYLDVAGVLDVAVLDAALRRVVAETEAVRTRFSFTDGGLARSVVSTSDTTLTAVDLRDEAAPVDAALEWMRQRLSEPIDLSRAPTADHAVIRVGSERTLLYFGYHHIALDAYGAVLYLRRLAAVYGHLIDGTDPDASAFATTETLLDEQRRYESSPRCARDAEYWSGVASALPAPTSLSGCGGDPTSDSLSRTVSLPGTDDSRWGAAASALVGGWPAVVVAGVAAYLRRFADGDDIVLGLPVTARTTPAAVHTPAMLANEVPLHLTV,8,"1|O, 2-3 (double bond), 4-5 (double bond)"
68,platinum_thanamycin.fasta (BGC0000443),CHEMONTID:0001994,Cyclic depsipeptides,9,O=C(C[C@H]([C@@H](CCCCCCCCCCCC)O)O)N[C@@H](C(NC(O)(C(N[C@@H](C(N[C@H](C(N[C@H](C(N[C@@H]([C@@H](C)O)C(N/C(C(N[C@@H]1[C@H](C(O)=O)O)=O)=C/C)=O)=O)CC2=C(C=CN3)C3=CC=C2)=O)CCO)=O)CC(O)=O)=O)CCCN)=O)COC([C@H]([C@H](CCl)O)NC1=O)=O,THELASVQQGIWLDQIAHPDLPYYNIGMSLEIKGEIDIPLFEKAIELVANNHDALRLSFSHEGGIGRQRVLPEVKVKLDVVEFSEAEADAGLAMEYLRNAFRQPFPELTGQLWEARMVRCGPNRHYWLNRYHHLVTDGIGVALIGHAVGAAYNGLLAGNDEVAQGHSYLSFLEDDRAYLQSSRYERDREFWQETYAQLPPSLLQRRADFKTGQANELAPSAQVQAMLPRALYNDLTQFASERSLSVAHVLISVVATYFCRTVGVDEMVIGMPVHNRTNARTKETAGMFSSVSPIRLPVD,16,"1|O, 3|OH, 4|OH"
